, 0
feature_0, 0.04061729852726435
feature_1, 0.15032917103645627
feature_2, 0.11730077714872209
feature_3, 0.10910733226742589
feature_4, 0.0833145694859411
feature_5, 0.07496623571940692
feature_6, 0.06966136629868099
feature_7, 0.021257656348463303
feature_8, 0.03050793491022447
feature_9, 0.02779663190023111
feature_10, 0.050088726177856584
feature_11, 0.07329741175046733
feature_12, 0.05649010767473312
feature_13, 0.06714584759062962
feature_14, 0.05098119133839377
feature_15, 0.019791117619604975
feature_16, 0.045207119634992285
feature_17, 0.034801392467617376
feature_18, 0.05732377942227948
feature_19, 0.0516413419407521
feature_20, 0.0272427442424841
feature_21, 0.032413410960437865
feature_22, 0.051190090074292746
feature_23, 0.03763407259518876
feature_24, 0.08186184666353888
feature_25, 0.028200085545212257
feature_26, 0.053312831640728975
feature_27, 0.02434312791364902
feature_28, 0.0867043418271984
feature_29, 0.028743162131365615
feature_30, 0.03462193924856157
feature_31, 0.032131980320084325
feature_32, 0.10291416124363906
feature_33, 0.030133867578100715
feature_34, 0.03981460652489554
feature_35, 0.02327520547910957
feature_36, 0.042555833797758014
feature_37, 0.054895826038235944
feature_38, 0.03248592360779371
feature_39, 0.027443186633597495
feature_40, 0.13488205655245866
feature_41, 0.034390627049742176
feature_42, 0.030227010109404175
feature_43, 0.04621055656503856
feature_44, 0.026713339185617208
feature_45, 0.06146996336633132
feature_46, 0.05722640250770796
feature_47, 0.030321245249945974
feature_48, 0.07074391856824895
feature_49, 0.04638814179427634
feature_50, 0.035186636731522385
feature_51, 0.03137656685481425
feature_52, 0.05362526342620811
feature_53, 0.02372123282163737
feature_54, 0.018427055978990966
feature_55, 0.02106472933562047
feature_56, 0.04970769040567559
feature_57, 0.011736835957910077
feature_58, 0.01618498721476475
feature_59, 0.019431363567256867
feature_60, 0.0387924867265408
feature_61, 0.04343946348061826
feature_62, 0.04593926938933562
feature_63, 0.07865238109340839
feature_64, 0.025523178367216886
feature_65, 0.08301909137053591
feature_66, 0.0420148346552531
feature_67, 0.040921671332919435
feature_68, 0.027647060629936167
feature_69, 0.027463594921759007
feature_70, 0.03451397988808644
feature_71, 0.06092740140399969
feature_72, 0.038307495270011704
feature_73, 0.14076583703300252
feature_74, 0.04650521845134444
feature_75, 0.0916451678787418
feature_76, 0.1221307383882387
feature_77, 0.032146574145647
feature_78, 0.050898460193832616
feature_79, 0.03861609200939482
feature_80, 0.050264675035189416
feature_81, 0.1503506985028318
feature_82, 0.07626782585899831
feature_83, 0.023462344777375656
feature_84, 0.04756546309138722
feature_85, 0.029809633883374546
feature_86, 0.03806195421616357
feature_87, 0.049240806714545705
feature_88, 0.04647674383908207
feature_89, 0.0480770505557722
feature_90, 0.027393030392919068
feature_91, 0.04515316660580701
feature_92, 0.037958559917959364
feature_93, 0.03135095745079007
feature_94, 0.03639755280763255
feature_95, 0.09614319397701203
feature_96, 0.05394685131967961
feature_97, 0.1893875554676915
feature_98, 0.06285500782157492
feature_99, 0.2323587490090283
feature_100, 0.061901597098656294
feature_101, 0.09052096182465945
feature_102, 0.03347716610490141
feature_103, 0.17252385310029286
feature_104, 0.0666692177372409
feature_105, 0.16016628562799
feature_106, 0.15451979558718418
feature_107, 0.05435391137669314
feature_108, 0.18523073784640517
feature_109, 0.22865085310043817
feature_110, 0.15127880252207168
feature_111, 0.16594663559026684
feature_112, 0.16326695395651655
feature_113, 0.04144400909580139
feature_114, 0.13179920004354184
feature_115, 0.21161093794796823
feature_116, 0.12361996276548146
feature_117, 0.04202873980951454
feature_118, 0.04323974451262183
feature_119, 0.05268523757884312
feature_120, 0.037138733162539336
feature_121, 0.04126272103136909
feature_122, 0.027807144526846798
feature_123, 0.06467083955647696
feature_124, 0.10919423299367606
feature_125, 0.07120075024924319
feature_126, 0.029967137428613854
feature_127, 0.08313997783755143
feature_128, 0.03328695774013977
feature_129, 0.037348808581004846
feature_130, 0.020621672972562167
feature_131, 0.030869370681166228
feature_132, 0.08055661489811493
feature_133, 0.023677943849268995
feature_134, 0.045073413029528865
feature_135, 0.050539644587052214
feature_136, 0.026038885071073294
feature_137, 0.03336352171187358
feature_138, 0.08965995437597735
feature_139, 0.05656303959059259
feature_140, 0.06134695872592742
feature_141, 0.03929876624510777
feature_142, 0.04141165599418509
feature_143, 0.03888419443026387
feature_144, 0.09255160031753162
feature_145, 0.06839309553544826
feature_146, 0.042735943646877425
feature_147, 0.11105707867764007
feature_148, 0.06366230105833036
feature_149, 0.05961997623849264
feature_150, 0.06116100969796231
feature_151, 0.055623034567917125
feature_152, 0.09681435744498822
feature_153, 0.13816138523582905
feature_154, 0.09527978279448852
feature_155, 0.12224684102085878
feature_156, 0.027624548443567393
feature_157, 0.09000547253038424
feature_158, 0.05488670821411066
feature_159, 0.13590691421409481
feature_160, 0.037106252549364074
feature_161, 0.02923651986228211
feature_162, 0.03400383109776867
feature_163, 0.03773980148331062
feature_164, 0.11688909463059907
feature_165, 0.11485343267548574
feature_166, 0.05210966920027747
feature_167, 0.08626806435791905
feature_168, 0.04375717013726078
feature_169, 0.07484692859268689
feature_170, 0.05135874548735978
feature_171, 0.07256697319020822
feature_172, 0.057446544308926414
feature_173, 0.10501146691257357
feature_174, 0.13164294842297736
feature_175, 0.05137494549528314
feature_176, 0.0933715161094675
feature_177, 0.06911481595181665
feature_178, 0.057183729647076714
feature_179, 0.09722568414159241
feature_180, 0.05177159064215419
feature_181, 0.12271915727904018
feature_182, 0.019793236283295285
feature_183, 0.086525163038872
feature_184, 0.018554405237032428
feature_185, 0.06159051575057776
feature_186, 0.04565723366359639
feature_187, 0.03598946184691394
feature_188, 0.03439106795315151
feature_189, 0.11245077000222341
feature_190, 0.06128834480456771
feature_191, 0.09169931220026682
feature_192, 0.050396584249846596
feature_193, 0.029668048061456353
feature_194, 0.04855280695443911
feature_195, 0.02214239948739951
feature_196, 0.10939914599892284
feature_197, 0.05840249851984767
feature_198, 0.04092051676425788
feature_199, 0.035812489898218954
feature_200, 0.0317102152274044
feature_201, 0.12085469407549594
feature_202, 0.05152928681561104
feature_203, 0.03255577835523051
feature_204, 0.10558718553123198
feature_205, 0.10137529002790827
feature_206, 0.07823454644974082
feature_207, 0.04615091789005834
feature_208, 0.03126690465924896
feature_209, 0.08480591288248435
feature_210, 0.0337653793771319
feature_211, 0.07694425163324285
feature_212, 0.07009502959353867
feature_213, 0.06552164930053404
feature_214, 0.08044156082571781
feature_215, 0.06196006197363072
feature_216, 0.03084778705833969
feature_217, 0.15301178221156247
feature_218, 0.07100267166856547
feature_219, 0.08172222797240926
feature_220, 0.07395600801262886
feature_221, 0.1582742439776644
feature_222, 0.041708061112588145
feature_223, 0.060827632514531826
feature_224, 0.05993371153870777
feature_225, 0.11628210439919345
feature_226, 0.049307685162994934
feature_227, 0.14142803813491933
feature_228, 0.06264734254059172
feature_229, 0.12149937283517495
feature_230, 0.056280787235064515
feature_231, 0.08017926468239436
feature_232, 0.05491881960970429
feature_233, 0.036358696581008675
feature_234, 0.04881013311308868
feature_235, 0.04852285340669806
feature_236, 0.029413272530077146
feature_237, 0.07392732623081544
feature_238, 0.14493074170403142
feature_239, 0.04447466988018593
feature_240, 0.05252213261217982
feature_241, 0.09037679836142132
feature_242, 0.07387787096871498
feature_243, 0.19171903422391418
feature_244, 0.0518339367817222
feature_245, 0.06315803329629292
feature_246, 0.038047130784173
feature_247, 0.15157256338995811
feature_248, 0.05298325216179251
feature_249, 0.04955838066799258
feature_250, 0.030448215701186714
feature_251, 0.08395512762197549
feature_252, 0.0819386323842522
feature_253, 0.060259959120414874
feature_254, 0.023309917028403626
feature_255, 0.027962469188962058
feature_256, 0.07312012718917311
feature_257, 0.0067521004488498865
feature_258, 0.02342020287271366
feature_259, 0.009678249719390093
feature_260, 0.03681674170103794
feature_261, 0.023793169496900173
feature_262, 0.016517481995369204
feature_263, 0.015882364569803728
feature_264, 0.011450749397165616
feature_265, 0.011105235002019619
feature_266, 0.007243228145756584
feature_267, 0.010916497715082298
feature_268, 0.008050427998441675
feature_269, 0.011271360305694601
feature_270, 0.008036008116704504
feature_271, 0.008755737120568454
feature_272, 0.04661722351490326
feature_273, 0.012086746935529927
feature_274, 0.03456275032396719
feature_275, 0.005391228055636724
feature_276, 0.08130527307606875
feature_277, 0.03981092613141653
feature_278, 0.08990247976289095
feature_279, 0.06694848466855349
feature_280, 0.008315375641769575
feature_281, 0.006749468932088903
feature_282, 0.008928936571660794
feature_283, 0.008830651727029785
feature_284, 0.012798568430410679
feature_285, 0.010553696156719843
feature_286, 0.009105716577308205
feature_287, 0.03160727596698351
feature_288, 0.04965110978880677
feature_289, 0.009302569838784403
feature_290, 0.010883986414120738
feature_291, 0.04821407901577892
feature_292, 0.00864797685932853
feature_293, 0.00916036323461882
feature_294, 0.023397541057217405
feature_295, 0.02764845048516198
feature_296, 0.044645701031833185
feature_297, 0.009664616955844802
feature_298, 0.047176571509212076
feature_299, 0.039291232937766776
feature_300, 0.024294946878901477
feature_301, 0.03324298680743855
feature_302, 0.026148067658492626
feature_303, 0.04220160985543223
feature_304, 0.04018127825468442
feature_305, 0.018272697804562834
feature_306, 0.03197055250542539
feature_307, 0.027055312997876342
feature_308, 0.02587200844815302
feature_309, 0.027966685849680796
feature_310, 0.02774185837336868
feature_311, 0.02982934361465816
feature_312, 0.02063271478855686
feature_313, 0.027624737854292543
feature_314, 0.048939337932051345
feature_315, 0.027785709304595646
feature_316, 0.028172810156027715
feature_317, 0.0491836134993522
feature_318, 0.025689116004791474
feature_319, 0.020763675580741013
feature_320, 0.019926063503830273
feature_321, 0.00991813081836478
feature_322, 0.01668946377302359
feature_323, 0.006877986627543984
feature_324, 0.013799260076560021
feature_325, 0.023670432830173328
feature_326, 0.02019716349288302
feature_327, 0.02516434272979525
feature_328, 0.028415104202037297
feature_329, 0.005706625054128443
feature_330, 0.014892253068074436
feature_331, 0.007883948823658627
feature_332, 0.009476277200820237
feature_333, 0.048575252557454415
feature_334, 0.008793632667261487
feature_335, 0.006503872462847429
feature_336, 0.019920550161638382
feature_337, 0.013119764539958242
feature_338, 0.010733026072438735
feature_339, 0.005878003698767531
feature_340, 0.011172632626624768
feature_341, 0.006633409802705985
feature_342, 0.018855471354401677
feature_343, 0.010324300789440336
feature_344, 0.009293600734788673
feature_345, 0.009659288150072252
feature_346, 0.008895224340011226
feature_347, 0.014906937423972573
feature_348, 0.008898824834263238
feature_349, 0.011487990800662214
feature_350, 0.011918852858636753
feature_351, 0.00804582074418271
feature_352, 0.07255062746202222
feature_353, 0.04268266140987002
feature_354, 0.08828456271689045
feature_355, 0.02435453185684054
feature_356, 0.034363313354708935
feature_357, 0.07986961192274242
feature_358, 0.07450528559826838
feature_359, 0.07780641272479823
feature_360, 0.02627710546779476
feature_361, 0.0473497751664276
feature_362, 0.011424666342675058
feature_363, 0.025362947673855694
feature_364, 0.014238975726884718
feature_365, 0.017566565812219728
feature_366, 0.013874909405017687
feature_367, 0.009208033021657363
feature_368, 0.02929268237564891
feature_369, 0.0372493035255316
feature_370, 0.048413199968936386
feature_371, 0.039859578474137854
feature_372, 0.03989323162751858
feature_373, 0.05183937733471407
feature_374, 0.04668887899825392
feature_375, 0.05663912138960518
feature_376, 0.019838900284657495
feature_377, 0.01220130493703533
feature_378, 0.007074802731439635
feature_379, 0.009576846673866131
feature_380, 0.013625058513328726
feature_381, 0.009121699002460841
feature_382, 0.015478699073973303
feature_383, 0.014887540632217682
feature_384, 0.07075517243875042
feature_385, 0.028443504450026316
feature_386, 0.08363661930303112
feature_387, 0.07126689966576998
feature_388, 0.05008104712152608
feature_389, 0.04677334873980615
feature_390, 0.07073526972786874
feature_391, 0.06582602370568535
feature_392, 0.0653317744602684
feature_393, 0.05669372533338753
feature_394, 0.025267103181004644
feature_395, 0.048142092044118234
feature_396, 0.034244191089588594
feature_397, 0.02129517118881644
feature_398, 0.021105426604840972
feature_399, 0.02469013363154798
feature_400, 0.07192833797380276
feature_401, 0.08529745131801068
feature_402, 0.12291157806221946
feature_403, 0.09054258912676273
feature_404, 0.10525639837482365
feature_405, 0.14855550228375092
feature_406, 0.120160899785633
feature_407, 0.08431984920291019
feature_408, 0.043200835969428114
feature_409, 0.038044609450273235
feature_410, 0.011549480819816698
feature_411, 0.020850980955880262
feature_412, 0.03263331307164057
feature_413, 0.04946013874410845
feature_414, 0.014063521889114399
feature_415, 0.0348783186923151
feature_416, 0.03713274248869376
feature_417, 0.059784030581073185
feature_418, 0.06572408293383822
feature_419, 0.05381406930982626
feature_420, 0.04216496232910467
feature_421, 0.06974172842557343
feature_422, 0.06724927350393282
feature_423, 0.05283532068272083
feature_424, 0.0692293593566756
feature_425, 0.025683683966576765
feature_426, 0.025906394138627633
feature_427, 0.02147859830540068
feature_428, 0.03978350052340193
feature_429, 0.021575524048224652
feature_430, 0.07091277780731513
feature_431, 0.02933030694847714
feature_432, 0.02883428797349097
feature_433, 0.03527370885679621
feature_434, 0.02634989614941048
feature_435, 0.02178248145902914
feature_436, 0.023163666351987303
feature_437, 0.026923130442151742
feature_438, 0.027093749885603587
feature_439, 0.024830415015111684
feature_440, 0.04765629210307707
feature_441, 0.02025946093782277
feature_442, 0.03636918261170399
feature_443, 0.027733975121547315
feature_444, 0.030509850022480835
feature_445, 0.04590174385834621
feature_446, 0.03296774054987812
feature_447, 0.023732269710901137
feature_448, 0.04470076318016591
feature_449, 0.03882775054565344
feature_450, 0.03575887664148512
feature_451, 0.04120209653525084
feature_452, 0.03634126922359034
feature_453, 0.05695383293940365
feature_454, 0.05126806945020872
feature_455, 0.03078042624516578
feature_456, 0.044401233428220485
feature_457, 0.026960762272471572
feature_458, 0.03671053650969006
feature_459, 0.060084885509667126
feature_460, 0.0368684276572437
feature_461, 0.05427244470361151
feature_462, 0.051906172975285374
feature_463, 0.029154326202344937
feature_464, 0.03449577060077509
feature_465, 0.02604139150294691
feature_466, 0.05065777783186099
feature_467, 0.024940784499204616
feature_468, 0.03450728357855135
feature_469, 0.03990701405582396
feature_470, 0.024273286147818828
feature_471, 0.025862628258902755
feature_472, 0.030866131616755898
feature_473, 0.029301493132918795
feature_474, 0.03487337436622568
feature_475, 0.025328997243827957
feature_476, 0.03285887943961765
feature_477, 0.03554342284591169
feature_478, 0.031018842019245468
feature_479, 0.03757472835259521
feature_480, 0.09521959299049042
feature_481, 0.09179700041279013
feature_482, 0.07181125130643971
feature_483, 0.07952680603151525
feature_484, 0.06265353101885057
feature_485, 0.10440877737000402
feature_486, 0.11245196183134858
feature_487, 0.0720157148318237
feature_488, 0.05626974534679848
feature_489, 0.08282432254118036
feature_490, 0.11423694427205167
feature_491, 0.07368565066409608
feature_492, 0.08680265094065802
feature_493, 0.07153409524037187
feature_494, 0.06720558984615953
feature_495, 0.07124760061004956
feature_496, 0.06447830500187919
feature_497, 0.10900989814122679
feature_498, 0.06353437827611613
feature_499, 0.11695966476792657
feature_500, 0.10499014413548573
feature_501, 0.09695411567414786
feature_502, 0.07447469107616872
feature_503, 0.07019236829888667
feature_504, 0.07403896921863343
feature_505, 0.10140139517625986
feature_506, 0.11228577821762407
feature_507, 0.10571820536360828
feature_508, 0.07892898697735067
feature_509, 0.13101447566807556
feature_510, 0.1015715620461833
feature_511, 0.07407051631438041
feature_512, 0.10652955832855752
feature_513, 0.15262421981771906
feature_514, 0.06771369362998847
feature_515, 0.05675854482466739
feature_516, 0.06672173176968493
feature_517, 0.06344263260075202
feature_518, 0.04908776117378112
feature_519, 0.02869531160163956
feature_520, 0.12317241750299095
feature_521, 0.09159651862257713
feature_522, 0.0285561954396551
feature_523, 0.044415957348419965
feature_524, 0.030651153939856398
feature_525, 0.040481001936588636
feature_526, 0.04843091381642674
feature_527, 0.021390604784992998
feature_528, 0.07025178370934912
feature_529, 0.038130375034209386
feature_530, 0.11255549512399073
feature_531, 0.023047613231238624
feature_532, 0.019645847971801245
feature_533, 0.08019445342037929
feature_534, 0.10486770799885309
feature_535, 0.06035106843919069
feature_536, 0.04232875878928684
feature_537, 0.031663828538010745
feature_538, 0.03926002856110491
feature_539, 0.04934090269667735
feature_540, 0.030753152967164445
feature_541, 0.04228037898526725
feature_542, 0.04094806459689796
feature_543, 0.03247463257537224
feature_544, 0.027814554272642476
feature_545, 0.06807062517906434
feature_546, 0.20351566659247894
feature_547, 0.1449044267840357
feature_548, 0.039936125405200265
feature_549, 0.015227234290981712
feature_550, 0.10568311145999451
feature_551, 0.03505971805546952
feature_552, 0.031160037201505703
feature_553, 0.1312770285753871
feature_554, 0.1118245197684039
feature_555, 0.07488669628430797
feature_556, 0.03116449582364026
feature_557, 0.06597143026068882
feature_558, 0.12460230600229726
feature_559, 0.11316194863821265
feature_560, 0.04963650567260574
feature_561, 0.024362719509493556
feature_562, 0.08847669892746597
feature_563, 0.09560140086740601
feature_564, 0.18745498884018852
feature_565, 0.10190822503291116
feature_566, 0.06565343825477961
feature_567, 0.034480186694109814
feature_568, 0.023969991147687865
feature_569, 0.08536668443610324
feature_570, 0.15968968091322427
feature_571, 0.12820447185334619
feature_572, 0.14733222874675322
feature_573, 0.05140982854468381
feature_574, 0.04571566166081849
feature_575, 0.056244341159883554
feature_576, 0.05780776141542435
feature_577, 0.026194353574599358
feature_578, 0.13684556915100624
feature_579, 0.02898381009551319
feature_580, 0.1393346938166131
feature_581, 0.029038915842583765
feature_582, 0.0745276482005221
feature_583, 0.012601302527420824
feature_584, 0.036351320334886784
feature_585, 0.022288028074920887
feature_586, 0.05037613835783346
feature_587, 0.07160767343532973
feature_588, 0.12189020253695862
feature_589, 0.15791722357888713
feature_590, 0.039901564190361984
feature_591, 0.0179046881956964
feature_592, 0.1638868966699449
feature_593, 0.01897453437241337
feature_594, 0.027678748943637265
feature_595, 0.025377209489493274
feature_596, 0.0590401221718289
feature_597, 0.03412310158392397
feature_598, 0.028765300983970263
feature_599, 0.04762639344550143
feature_600, 0.01563969925429117
feature_601, 0.03289662194459575
feature_602, 0.02379696089457849
feature_603, 0.026479434903895423
feature_604, 0.038371515705253136
feature_605, 0.15286637079294732
feature_606, 0.12530727677650147
feature_607, 0.0722816562999315
feature_608, 0.22448563466730878
feature_609, 0.08750125818289799
feature_610, 0.06407252826457337
feature_611, 0.10434399975334119
feature_612, 0.022118546841959245
feature_613, 0.08940595733007058
feature_614, 0.010810701090399123
feature_615, 0.1363865367815716
feature_616, 0.15646811987705697
feature_617, 0.07073851815702918
feature_618, 0.08719055728847139
feature_619, 0.033717824874287566
feature_620, 0.10035386952064454
feature_621, 0.0036346547206389693
feature_622, 0.019584094443627555
feature_623, 0.12873147382083402
feature_624, 0.020427995396771172
feature_625, 0.03165088830092587
feature_626, 0.14349793429935798
feature_627, 0.004276121664830684
feature_628, 0
feature_629, 0
feature_630, 9.585968986738776e-05
feature_631, 0
feature_632, 0.2731378458120281
feature_633, 0.1699595626027305
feature_634, 0
feature_635, 0.4000000000000001
feature_636, 0
feature_637, 0.019975907316587098
feature_638, 0
feature_639, 0.06543410940371627
feature_640, 0.030119648976771194
feature_641, 0.04022039211924577
feature_642, 0.017011224058620086
feature_643, 0.00541938680278509
feature_644, 0.017690644075811144
feature_645, 0.0010284121112525439
feature_646, 0
feature_647, 0.005201076566083948
feature_648, 0
feature_649, 0
feature_650, 0
feature_651, 0.00018985527540333293
feature_652, 0
feature_653, 0
feature_654, 0.21742718590224727
feature_655, 0.4000000000000001
feature_656, 0.012494087169622381
feature_657, 0.0012076395709988174
feature_658, 0.07556107951290661
feature_659, 0
feature_660, 0.023445429621595314
feature_661, 0
feature_662, 0
feature_663, 0
feature_664, 0
feature_665, 0.0043370256127177285
feature_666, 0
feature_667, 0.004417912173362505
feature_668, 0.11571357376794625
feature_669, 0
feature_670, 0
feature_671, 0.0883791833531855
feature_672, 0
feature_673, 0
feature_674, 0
feature_675, 0
feature_676, 0
feature_677, 0.09246399794801649
feature_678, 0.013711541476144416
feature_679, 0.016349805843906315
feature_680, 0.044473385507884586
feature_681, 0.039062661344252715
feature_682, 0.022780498166465955
feature_683, 0.04451009294263875
feature_684, 0.04900969052687216
feature_685, 0.04509725953261772
feature_686, 0.08614314823658496
feature_687, 0.007517587236502913
feature_688, 0.04598167917376103
feature_689, 0.019926020185909693
feature_690, 0.001038237141145991
feature_691, 0.0658618675811324
feature_692, 0.08507519763643866
feature_693, 0.0010192418184963388
feature_694, 0.0005834398181187783
feature_695, 0.013185592376817734
feature_696, 0.000374658783764433
feature_697, 0.003275395118939598
feature_698, 0.017573788307521442
feature_699, 0.0018979452032634556
feature_700, 0.0011955708337334165
feature_701, 0.011097270909631217
feature_702, 0
feature_703, 0.0019468355878385739
feature_704, 0.00033253978496903673
feature_705, 8.088786496082321e-05
feature_706, 0.000509711232938713
feature_707, 0.05134185366380956
feature_708, 0.012731351487351373
feature_709, 0.00217772016251582
feature_710, 0.0034328238017785682
feature_711, 0.0007945629727880832
feature_712, 0.0486546994976675
feature_713, 0
feature_714, 0.0068158602246246106
feature_715, 0.013148600356599097
feature_716, 0.0016785639784780738
feature_717, 0.0013215419889521217
feature_718, 0.0005502359875663323
feature_719, 0.0025200156005434713
feature_720, 0.018569482021604744
feature_721, 0.09056353431554355
feature_722, 0.0014982696937800627
feature_723, 0
feature_724, 0.0008937681363979597
feature_725, 0.023260353190092224
feature_726, 0.0028402748380910955
feature_727, 0.006126042121065491
feature_728, 0.038606088655120586
feature_729, 0
feature_730, 0.01779135025699165
feature_731, 0.007213717764789852
feature_732, 0.0006658626405922935
feature_733, 0.0018645090150581367
feature_734, 0.053243913251063923
feature_735, 0.0631262717925166
feature_736, 0.06733466432233699
feature_737, 0.0014450007543505552
feature_738, 0.0022581622552996714
feature_739, 0.003372198690838398
feature_740, 0.00930106386092205
feature_741, 0.008111771984857713
feature_742, 0
feature_743, 0.0008200236766104618
feature_744, 0.0003866841236072917
feature_745, 0.00577189238333433
feature_746, 0
feature_747, 0.0011140590250660724
feature_748, 0.022161569352330285
feature_749, 0.0011763047939225525
feature_750, 0
feature_751, 0.010814247354351313
feature_752, 0
feature_753, 0.0029505966641318188
feature_754, 0.0018257879232900678
feature_755, 0
feature_756, 0
feature_757, 0.05605185161264774
feature_758, 0.012709123912098498
feature_759, 0.0025327789673750246
feature_760, 0.005715956450225135
feature_761, 0.000850644824983657
feature_762, 0.08385435102159663
feature_763, 0.0007314808779829357
feature_764, 0
feature_765, 0.014640309853585906
feature_766, 0.0011663647445422432
feature_767, 0.0017754314125918162
feature_768, 0.0004051988657774985
feature_769, 0
feature_770, 0.012818690261056993
feature_771, 0.06965077391299197
feature_772, 0.0007989885470629294
feature_773, 0
feature_774, 0
feature_775, 0.021990340904516608
feature_776, 0.0003780732395396801
feature_777, 0.008084074428434201
feature_778, 0.015534093042925988
feature_779, 0
feature_780, 0.01655068517966666
feature_781, 0.013244666919542826
feature_782, 0.0008298868094568635
feature_783, 0.00306148249865671
feature_784, 0.03659663809051204
feature_785, 0.05434398705661393
feature_786, 0.022289735550795484
feature_787, 0.002601262793385913
feature_788, 0
feature_789, 0.0030521875426290316
feature_790, 0.005122975865562602
feature_791, 0.0006109288611000717
feature_792, 0
feature_793, 0.002062009255315385
feature_794, 0.0004565173722752605
feature_795, 0.02784037153486268
feature_796, 0
feature_797, 0.018379626076170576
feature_798, 0.023960109685739132
feature_799, 0.0006526342818408962
feature_800, 0.00010580444491457871
feature_801, 0.014302056766517435
feature_802, 0
feature_803, 0
feature_804, 0.001616117966732133
feature_805, 0
feature_806, 0.0007663863586506708
feature_807, 0.0415553445264499
feature_808, 0.010011148177419478
feature_809, 0.015059062718851783
feature_810, 0.005340500515529946
feature_811, 0
feature_812, 0.04651228905281923
feature_813, 0
feature_814, 0.00294866175790479
feature_815, 0.013138568830098214
feature_816, 0.0015097199110011776
feature_817, 0.006783043556178059
feature_818, 0
feature_819, 0.002306045492494206
feature_820, 0.019511158109473743
feature_821, 0.052363376007422226
feature_822, 0.03418132489145828
feature_823, 0
feature_824, 0.0022464106358378467
feature_825, 0.025027220253556304
feature_826, 0.0035458853379451627
feature_827, 0.042459020077081064
feature_828, 0.014633006410451711
feature_829, 0
feature_830, 0.009435417812839731
feature_831, 0.01473549362925508
feature_832, 0.0004946516023037918
feature_833, 0.004727658349307068
feature_834, 0.037185442069147076
feature_835, 0.047617739175789174
feature_836, 0.07851486443758429
feature_837, 0.0017683787196836659
feature_838, 0.0017456371348116822
feature_839, 0.004603789613681741
feature_840, 0.008116972640563507
feature_841, 0.019849913105680128
feature_842, 0
feature_843, 0.005869759917746339
feature_844, 0
feature_845, 0
feature_846, 0.03246861176405292
feature_847, 0
feature_848, 0
feature_849, 0
feature_850, 0
feature_851, 0.00016049537339394768
feature_852, 0.04569280919337719
feature_853, 0
feature_854, 0
feature_855, 0.04223923893715217
feature_856, 0.0018621729726959557
feature_857, 0.00014470085925150918
feature_858, 0
feature_859, 0
feature_860, 0.02306366740484311
feature_861, 0
feature_862, 0
feature_863, 0.04388920692291534
feature_864, 0
feature_865, 0
feature_866, 0
feature_867, 0
feature_868, 0
feature_869, 0.0023093993890464146
feature_870, 0
feature_871, 0
feature_872, 0
feature_873, 0
feature_874, 0.027135318397204865
feature_875, 0
feature_876, 0
feature_877, 0.0002681092539210996
feature_878, 0
feature_879, 0.015065541961998321
feature_880, 0
feature_881, 0
feature_882, 0.024769673679536103
feature_883, 0
feature_884, 0
feature_885, 0.015399843696461605
feature_886, 0.027012651390844473
feature_887, 0.004856357642105054
feature_888, 0.0014115530784235763
feature_889, 0.00036685173527931607
feature_890, 0
feature_891, 0
feature_892, 0.00028847304334147513
feature_893, 0.016176299410019652
feature_894, 0
feature_895, 0.018930425027047695
feature_896, 0
feature_897, 0
feature_898, 0
feature_899, 0
feature_900, 0
feature_901, 0.08579061480986327
feature_902, 0
feature_903, 0.00027377375288831267
feature_904, 0
feature_905, 0
feature_906, 0.004643211773293619
feature_907, 0
feature_908, 0
feature_909, 0
feature_910, 0
feature_911, 0
feature_912, 0
feature_913, 0
feature_914, 0.053544758515277256
feature_915, 0.03126861615808772
feature_916, 0.010926532130524523
feature_917, 0
feature_918, 0
feature_919, 0
feature_920, 0
feature_921, 0.04362263658859154
feature_922, 0
feature_923, 0
feature_924, 0
feature_925, 0
feature_926, 0
feature_927, 0
feature_928, 0
feature_929, 0.024405051008634628
feature_930, 0.10076226264677852
feature_931, 0
feature_932, 0
feature_933, 0
feature_934, 0
feature_935, 0
feature_936, 0
feature_937, 0
feature_938, 0.07731262246745711
feature_939, 0
feature_940, 0.04901253240873058
feature_941, 0.027160445123999327
feature_942, 0.04819311652961754
feature_943, 0.00011618255741633304
feature_944, 0
feature_945, 0
feature_946, 0.028055980586200287
feature_947, 0.0032680861288963423
feature_948, 0.00016521513541672769
feature_949, 0
feature_950, 0.0001525902555048716
feature_951, 0.08055321668445807
feature_952, 0
feature_953, 0
feature_954, 0.000840327205341979
feature_955, 0
feature_956, 0.0005512978832619554
feature_957, 0.00033461576869299486
feature_958, 0.0001289965134669093
feature_959, 0
feature_960, 0
feature_961, 0
feature_962, 0
feature_963, 0
feature_964, 0.0643819563961546
feature_965, 0
feature_966, 0.000486228908553547
feature_967, 0
feature_968, 0.01577736425669047
feature_969, 0.00038078729517803056
feature_970, 0.0013657793686118237
feature_971, 0.037860662517064
feature_972, 0.012691834147741715
feature_973, 0.04257646695353441
feature_974, 0
feature_975, 0.0239012593548435
feature_976, 0
feature_977, 0
feature_978, 6.634564601209644e-05
feature_979, 0
feature_980, 0
feature_981, 0.0041620220629943775
feature_982, 0
feature_983, 0
feature_984, 0.0007592290577493002
feature_985, 0
feature_986, 0.11738835549101881
feature_987, 0
feature_988, 0
feature_989, 0
feature_990, 0
feature_991, 0
feature_992, 0
feature_993, 0
feature_994, 0.02158178889268132
feature_995, 0.00019015404697309574
feature_996, 0.052934326727510736
feature_997, 0
feature_998, 0
feature_999, 0
feature_1000, 0.0004373309729953675
feature_1001, 0
feature_1002, 0
feature_1003, 0
feature_1004, 0
feature_1005, 0
feature_1006, 0.00040061051972791476
feature_1007, 0
feature_1008, 0.016260474676165863
feature_1009, 0
feature_1010, 0
feature_1011, 0.011126664495942105
feature_1012, 0.00042588274238146103
feature_1013, 0
feature_1014, 0.003637703423223094
feature_1015, 0
feature_1016, 0
feature_1017, 0
feature_1018, 0.000447070947992168
feature_1019, 0.004733372505036894
feature_1020, 0
feature_1021, 0
feature_1022, 0
feature_1023, 0.0004856375398500364
feature_1024, 0.02012266933141615
feature_1025, 0.0017797105477387108
feature_1026, 0
feature_1027, 0.00023320438308197268
feature_1028, 0
feature_1029, 0.007388623707806843
feature_1030, 0
feature_1031, 0
feature_1032, 0
feature_1033, 0
feature_1034, 0
feature_1035, 0
feature_1036, 0.0003222969776177362
feature_1037, 0
feature_1038, 0
feature_1039, 0.03345890168988083
feature_1040, 0
feature_1041, 0
feature_1042, 0
feature_1043, 0.08575521443697011
feature_1044, 0
feature_1045, 0
feature_1046, 0.0011430468532879748
feature_1047, 0.0003946648566188228
feature_1048, 0
feature_1049, 0.025161113612265248
feature_1050, 0
feature_1051, 0.00287625314909394
feature_1052, 0
feature_1053, 0
feature_1054, 0.0025335043813766666
feature_1055, 0.028845263560961176
feature_1056, 0.00016896226088157078
feature_1057, 0
feature_1058, 0.00044234201136813243
feature_1059, 0
feature_1060, 0.09984926805909898
feature_1061, 0.03790149253914602
feature_1062, 0.0002027243616508309
feature_1063, 0
feature_1064, 0.0011183202591349244
feature_1065, 0.0012377461259817297
feature_1066, 0.004754386237534941
feature_1067, 0
feature_1068, 0.0011043283438588345
feature_1069, 0
feature_1070, 0
feature_1071, 0
feature_1072, 0.004493856696893803
feature_1073, 0.010721008829054664
feature_1074, 0
feature_1075, 0
feature_1076, 0
feature_1077, 0
feature_1078, 0
feature_1079, 0
feature_1080, 0
feature_1081, 0
feature_1082, 0.023950545401022105
feature_1083, 0.008506505390037276
feature_1084, 0
feature_1085, 0.002454287807400697
feature_1086, 0.00016368685093547211
feature_1087, 0.0006754232449834265
feature_1088, 0
feature_1089, 0
feature_1090, 0.0008315296463394466
feature_1091, 0
feature_1092, 0
feature_1093, 0
feature_1094, 0
feature_1095, 0.0005368293008866062
feature_1096, 0
feature_1097, 0.0036992019930714506
feature_1098, 0
feature_1099, 0
feature_1100, 0
feature_1101, 0
feature_1102, 0.0006895522346380754
feature_1103, 0
feature_1104, 0
feature_1105, 0
feature_1106, 0
feature_1107, 0
feature_1108, 0
feature_1109, 0
feature_1110, 0
feature_1111, 0
feature_1112, 0
feature_1113, 0.003254044892562024
feature_1114, 0
feature_1115, 0
feature_1116, 0
feature_1117, 0.0007358991929449934
feature_1118, 0.0007617060229520409
feature_1119, 0
feature_1120, 0
feature_1121, 0
feature_1122, 0.0006961821795526677
feature_1123, 0
feature_1124, 0
feature_1125, 0
feature_1126, 0
feature_1127, 0
feature_1128, 0
feature_1129, 0.0006346497156799083
feature_1130, 0
feature_1131, 0.00036415015643402116
feature_1132, 0.001129713294225685
feature_1133, 0
feature_1134, 0
feature_1135, 0
feature_1136, 0
feature_1137, 0.0004917168106162601
feature_1138, 0.0008381479203052246
feature_1139, 0.0008019623893257459
feature_1140, 0.0011968518666627187
feature_1141, 0.010640731769288224
feature_1142, 0
feature_1143, 0
feature_1144, 0.014576043196301704
feature_1145, 0
feature_1146, 0.001479605988234365
feature_1147, 0
feature_1148, 0
feature_1149, 0.004600422716640316
feature_1150, 0
feature_1151, 0.0005939249378560361
feature_1152, 0
feature_1153, 0
feature_1154, 0
feature_1155, 0.01436439159551562
feature_1156, 0
feature_1157, 0.0020210890431562613
feature_1158, 0
feature_1159, 0.0005802902830645296
feature_1160, 0.0010244974679290014
feature_1161, 0.12367676173181642
feature_1162, 0
feature_1163, 0
feature_1164, 0
feature_1165, 0
feature_1166, 0
feature_1167, 0
feature_1168, 0
feature_1169, 0
feature_1170, 0
feature_1171, 0.0010417932285313688
feature_1172, 0
feature_1173, 0
feature_1174, 0.055543141023672686
feature_1175, 0
feature_1176, 0
feature_1177, 0.00043046786907691755
feature_1178, 0.0006876437684625557
feature_1179, 0
feature_1180, 0
feature_1181, 0
feature_1182, 0.00042934900203843977
feature_1183, 0.02395565264426098
feature_1184, 0
feature_1185, 0
feature_1186, 0
feature_1187, 0
feature_1188, 0
feature_1189, 0.0008582769785944074
feature_1190, 0.02574618414001302
feature_1191, 0
feature_1192, 0.0024404533594454955
feature_1193, 0
feature_1194, 0
feature_1195, 0.000777716122814743
feature_1196, 0
feature_1197, 0.0179256862234602
feature_1198, 0.00802380710037435
feature_1199, 0.006943054789212095
feature_1200, 0.03448273186192315
feature_1201, 0.01744555971037064
feature_1202, 0.042377006301996076
feature_1203, 0.017096278649792105
feature_1204, 0.023456195275892242
feature_1205, 0
feature_1206, 0.020983811753067894
feature_1207, 0.010871068717028087
feature_1208, 0.017648997068736773
feature_1209, 0.00378728266376023
feature_1210, 0.0013136546458891278
feature_1211, 0.011729656000880618
feature_1212, 0.0044641112723658675
feature_1213, 0.0013048969826793882
feature_1214, 0.010937087365597235
feature_1215, 0.01872830006207471
feature_1216, 0.0004482909295441625
feature_1217, 0.013241259477483518
feature_1218, 0.0002287895770757305
feature_1219, 0
feature_1220, 0.0007152861017036143
feature_1221, 0.006937111824578644
feature_1222, 0.024764689442875097
feature_1223, 0.0007575493302645097
feature_1224, 0.004761066609021942
feature_1225, 0.005459598103964289
feature_1226, 0.005956701312694201
feature_1227, 0.0026947174109976327
feature_1228, 0.009973060373823447
feature_1229, 0.0044719939902892305
feature_1230, 0.0076445505967112064
feature_1231, 0.0026756989220669243
feature_1232, 0.010311113019323068
feature_1233, 0.008703435557383616
feature_1234, 0.0009075033721951468
feature_1235, 0.02594216793004747
feature_1236, 0.006777482175170522
feature_1237, 0.012431395811850088
feature_1238, 7.661775647929167e-05
feature_1239, 0.009473678480909398
feature_1240, 0.012585669868525889
feature_1241, 0.02310370179602363
feature_1242, 0.012890423146187265
feature_1243, 0.009144105307324936
feature_1244, 0.0026647757178269085
feature_1245, 0.0012270183373463178
feature_1246, 0.012222860452703344
feature_1247, 0.0016141561384862455
feature_1248, 0.02062629749691946
feature_1249, 0.013551953910920034
feature_1250, 0.010776951757735591
feature_1251, 0.014962187473109182
feature_1252, 0.015895918190843142
feature_1253, 0.0009517901379678702
feature_1254, 0.010966533316881293
feature_1255, 0.0034311236121082524
feature_1256, 0.0036856728517700027
feature_1257, 0.00019641210954670125
feature_1258, 0.0022945430675258356
feature_1259, 0.018856128148703112
feature_1260, 0.0024712701162204207
feature_1261, 9.406798545696639e-05
feature_1262, 0.007433541547384332
feature_1263, 0.0027334531048222098
feature_1264, 0.004231489897615056
feature_1265, 0.0006476216878632038
feature_1266, 0.004585946920912981
feature_1267, 0.005772733709955411
feature_1268, 0.011030339314493846
feature_1269, 0.006691375592439001
feature_1270, 0.03221083566911634
feature_1271, 0.059695252519053325
feature_1272, 0.006333676049691826
feature_1273, 0.008904635782495294
feature_1274, 0
feature_1275, 0.00020169604419908126
feature_1276, 0.0130173980402525
feature_1277, 0.0029688334967345443
feature_1278, 0.00151747212661209
feature_1279, 0.014899339459162289
feature_1280, 0.013292216951189676
feature_1281, 0.003788326110462478
feature_1282, 0.012370794675094568
feature_1283, 0.05230853995260372
feature_1284, 0
feature_1285, 0.01521456538705691
feature_1286, 0.006584933434412171
feature_1287, 0.006324591318065431
feature_1288, 0
feature_1289, 0
feature_1290, 0.014352882250852997
feature_1291, 0.01433716541440699
feature_1292, 0.004316777442143618
feature_1293, 0.014286931184017967
feature_1294, 0.0006596941710438301
feature_1295, 0.05279505472157825
feature_1296, 0.013196168339349352
feature_1297, 0.008711205197686419
feature_1298, 0.02453167893891677
feature_1299, 0.0006565706233225545
feature_1300, 0.00017981844023699545
feature_1301, 0.004854261759573819
feature_1302, 0.062004486597787095
feature_1303, 0.030837300590056228
feature_1304, 0.0026706526602949298
feature_1305, 0.013536543035563346
feature_1306, 0.004168911676268507
feature_1307, 0.011818193526547153
feature_1308, 0.006179155467117178
feature_1309, 0.0038185672655141893
feature_1310, 0.05581426284883663
feature_1311, 0.003582396168076823
feature_1312, 0.0029889525013762006
feature_1313, 0
feature_1314, 0.0135281238434755
feature_1315, 0.012833702546704347
feature_1316, 0.012462911717663085
feature_1317, 0
feature_1318, 0.028659019601248472
feature_1319, 0.0045683132592082305
feature_1320, 0.012420911692840753
feature_1321, 0.0016371532962426484
feature_1322, 0.0055635156970780565
feature_1323, 0.0331328653537745
feature_1324, 0
feature_1325, 0.007466921726231817
feature_1326, 0.0010819662750108806
feature_1327, 0.013788438200378922
feature_1328, 0.0017923433692269843
feature_1329, 0.008015203024046824
feature_1330, 0.05504946184375684
feature_1331, 0
feature_1332, 0
feature_1333, 0.017751696184103386
feature_1334, 0.0003363605073504415
feature_1335, 0.004644637129671897
feature_1336, 0
feature_1337, 0.048906052512548176
feature_1338, 0.0007958748909253457
feature_1339, 0.009872031778918749
feature_1340, 0.0039863362844493495
feature_1341, 0.005968627269527011
feature_1342, 0.006266003287105233
feature_1343, 0.016529145639302995
feature_1344, 0.005861596599470261
feature_1345, 0.017556591987109172
feature_1346, 0.014987301694299918
feature_1347, 0.0209018808395816
feature_1348, 0.004640780610571136
feature_1349, 0.019687223768972667
feature_1350, 0.01436277824018928
feature_1351, 0
feature_1352, 0.02750538077642301
feature_1353, 0.0021665834669648415
feature_1354, 0.010752337658201298
feature_1355, 0.006952703299973017
feature_1356, 0.01650189933712091
feature_1357, 0.0017701942974842773
feature_1358, 0.019945745507758145
feature_1359, 0.00021133906026492676
feature_1360, 0.01504795574811293
feature_1361, 0.00747164327170093
feature_1362, 0.006305530721670673
feature_1363, 0.016270124060884874
feature_1364, 0.0004069046349646587
feature_1365, 0.007755973932362934
feature_1366, 0.025711341899530237
feature_1367, 0.007219971465951836
feature_1368, 0.0026853480882972733
feature_1369, 0.009071016715712962
feature_1370, 0.000509864481234419
feature_1371, 0.01415420353720932
feature_1372, 0.031137770125975302
feature_1373, 0.0007572721660374945
feature_1374, 0
feature_1375, 0.0019263475179027178
feature_1376, 0.006907004662426462
feature_1377, 0.013603222664781558
feature_1378, 0.006234580944013875
feature_1379, 0.0024445836270062314
feature_1380, 0.010127992417810809
feature_1381, 0.0003451385694946856
feature_1382, 0
feature_1383, 0.010279215810643911
feature_1384, 0.059743610065001077
feature_1385, 0.018461239717897843
feature_1386, 0.008788875167739343
feature_1387, 0.011380475475312141
feature_1388, 0
feature_1389, 0.0020699316761380758
feature_1390, 0.0026817624041180496
feature_1391, 0.04739449394780303
feature_1392, 0.03958931321943989
feature_1393, 0.001478080574674051
feature_1394, 0.011009212927153034
feature_1395, 0.009065402512074992
feature_1396, 0.0031274941489103664
feature_1397, 0.014066692099825154
feature_1398, 0.004890027781434733
feature_1399, 0.007188146415116335
feature_1400, 0.013840173933743559
feature_1401, 0.004707134464387381
feature_1402, 0.0003183100741616499
feature_1403, 0.009314906120218258
feature_1404, 0.004324882799065314
feature_1405, 0.0019068859146019977
feature_1406, 0.012682979588437976
feature_1407, 0
feature_1408, 0.0034401131584492414
feature_1409, 0.0007405968619060209
feature_1410, 0.011025650215323488
feature_1411, 0.013779737485807122
feature_1412, 0.0022734900644666035
feature_1413, 0.014034628553696657
feature_1414, 0.004100504636469094
feature_1415, 0.0032241810193518396
feature_1416, 0.08054301002646408
feature_1417, 0.0006348560304211249
feature_1418, 0.007782361677704472
feature_1419, 0.0012788576264124688
feature_1420, 0.004890304728661116
feature_1421, 0.017271750473196998
feature_1422, 0.003919917124327155
feature_1423, 0.015783449051356827
feature_1424, 0.004428556212923545
feature_1425, 0.04401320485293498
feature_1426, 0.0027207669851559086
feature_1427, 0.03431248026874127
feature_1428, 0.0001410356167402577
feature_1429, 0.004712801732149737
feature_1430, 0.013189519371153403
feature_1431, 0.018432032891755382
feature_1432, 0.005131526891848498
feature_1433, 0.00470197324847606
feature_1434, 0.0160517910105285
feature_1435, 0.0032381115814111325
feature_1436, 0.00901539983783328
feature_1437, 0.00831352872782388
feature_1438, 0.032559097184735444
feature_1439, 0.0030182513575147596
feature_1440, 0.003098543300043039
feature_1441, 0.008894505961291854
feature_1442, 0.013170515453464992
feature_1443, 0.0967005372949704
feature_1444, 0.012988726061259497
feature_1445, 0.007348876003495967
feature_1446, 0.0072694837374642106
feature_1447, 0.037657574103695295
feature_1448, 0.018887175664963902
feature_1449, 0.008980404909769936
feature_1450, 0.0033271803372103355
feature_1451, 0.0781507645681267
feature_1452, 0.005156649770055222
feature_1453, 0.021737212031484408
feature_1454, 0.004675392079246594
feature_1455, 0.002446507202557625
feature_1456, 0.005175349173716734
feature_1457, 0.016537450651391897
feature_1458, 0.00026682715604545485
feature_1459, 0
feature_1460, 0.03295462469677708
feature_1461, 0.0004592496754615804
feature_1462, 0.01039744911438071
feature_1463, 0.01755149878186077
feature_1464, 0.006332933619971218
feature_1465, 0.0014665067724651264
feature_1466, 0.009577175077502597
feature_1467, 0.007862057518567684
feature_1468, 0.04766698986791225
feature_1469, 0.009723852061571062
feature_1470, 0.0063502006265704035
feature_1471, 0
feature_1472, 0.009262179286639064
feature_1473, 0.025419263731895073
feature_1474, 0.002303120167902539
feature_1475, 0.004229991411688663
feature_1476, 0.019726370183438476
feature_1477, 0.010042960136661743
feature_1478, 0.0011390036734955763
feature_1479, 0.04503160548939322
feature_1480, 0.0054961753069558295
feature_1481, 0.02348847054342247
feature_1482, 0.06143272967963107
feature_1483, 0.0002679651754358587
feature_1484, 0.008258039794258487
feature_1485, 0
feature_1486, 0.008504702854962486
feature_1487, 0
feature_1488, 0.0002566113043148147
feature_1489, 0.002485200316606226
feature_1490, 0.0036229013122494606
feature_1491, 0.0004410149139300339
feature_1492, 0.006431689179506889
feature_1493, 0.022673100357798487
feature_1494, 0.011806032375323957
feature_1495, 0.00020793871743211492
feature_1496, 0.0028451619020722334
feature_1497, 0.0016552243619109097
feature_1498, 0
feature_1499, 0.002854005674268654
feature_1500, 0.005969758711155049
feature_1501, 0.000692690139038159
feature_1502, 5.288042188093819e-05
feature_1503, 0.00028555946725717377
feature_1504, 0.010785728645866677
feature_1505, 0.00615165312677878
feature_1506, 0.004661593572664341
feature_1507, 0.04962916239502837
feature_1508, 0.008578562545817662
feature_1509, 0.012367996823473488
feature_1510, 0.010469506556722089
feature_1511, 0.007051409965307224
feature_1512, 0.0028536211563601117
feature_1513, 0.0011059614308274
feature_1514, 0.039898734688104544
feature_1515, 0.0002605985409174978
feature_1516, 0.005819261443348321
feature_1517, 0.0005695815821726377
feature_1518, 0.003122041194934492
feature_1519, 0.002247632477397078
feature_1520, 0.0003896036257116885
feature_1521, 0.02515525002092599
feature_1522, 0.004941919613343089
feature_1523, 0.007644548635450289
feature_1524, 0.003345930383356063
feature_1525, 0.03606183939278448
feature_1526, 0.002775509455207791
feature_1527, 0
feature_1528, 0.02538108626570415
feature_1529, 0.003943789650185
feature_1530, 0.006087421509398665
feature_1531, 0.028581515495436603
feature_1532, 0.00962839089390885
feature_1533, 0.0006048967905355574
feature_1534, 0.018451639908284155
feature_1535, 0.025336442738454954
feature_1536, 0.012242145800636468
feature_1537, 0.025528820225932412
feature_1538, 0
feature_1539, 0.003504202201922764
feature_1540, 0.0031646030915460314
feature_1541, 0.041945456622407534
feature_1542, 0.002608927395433216
feature_1543, 0.00030796088665554854
feature_1544, 0.004548595546830154
feature_1545, 0.01877618617818392
feature_1546, 0.028560978048604024
feature_1547, 0.01659832726292779
feature_1548, 0.006129089157924295
feature_1549, 0.005101793528862321
feature_1550, 0.003077387107676888
feature_1551, 0.012310182608271667
feature_1552, 0.016271871242205898
feature_1553, 0.021776338132301093
feature_1554, 0.0030892266098056127
feature_1555, 0.00014510210825518212
feature_1556, 0.00182948311048748
feature_1557, 0.016262746939425345
feature_1558, 0.011240435492720288
feature_1559, 0.014455389170088753
feature_1560, 0.00938425280489798
feature_1561, 0.02010814655633395
feature_1562, 0.014834479905878531
feature_1563, 0.0015807348604820306
feature_1564, 0.011686842562808912
feature_1565, 0.0008041933899788406
feature_1566, 0.016254091413677955
feature_1567, 0.010142953462880775
feature_1568, 0.0008178910685738582
feature_1569, 0.004948409789950544
feature_1570, 0.0035823206894903268
feature_1571, 0.008761307081790808
feature_1572, 0.0049257384515443816
feature_1573, 0.007696378794411703
feature_1574, 0.0069510320536165186
feature_1575, 0.002105558985325003
feature_1576, 0.027036457767342658
feature_1577, 0.0032267604042337784
feature_1578, 0.014296008117629065
feature_1579, 0.002223957920472883
feature_1580, 0.001770775717629077
feature_1581, 0.0060116328318040434
feature_1582, 0.0026065682839529246
feature_1583, 0.0003663017141790903
feature_1584, 0.013369570942057311
feature_1585, 0.004831565524602531
feature_1586, 0.022938125618370036
feature_1587, 0.014445989841643032
feature_1588, 0.003611762354514332
feature_1589, 0.0012661410486819653
feature_1590, 0.005032542658013154
feature_1591, 0.004322291313934854
feature_1592, 0.0022092529478414547
feature_1593, 0.03908864509072146
feature_1594, 0.001439124772796435
feature_1595, 0.018586708418980562
feature_1596, 0.008234028142241544
feature_1597, 0.00779390941383336
feature_1598, 0.020569943604236206
feature_1599, 0.025601676305738213
feature_1600, 0.01435722906706066
feature_1601, 0.013005923948317183
feature_1602, 0.013487511952997792
feature_1603, 0.013333526321059242
feature_1604, 0.006814092002464425
feature_1605, 0.020599939947927498
feature_1606, 0.00962244877403413
feature_1607, 0
feature_1608, 0.02652247076583483
feature_1609, 0.007755588338549351
feature_1610, 0.04009179001773436
feature_1611, 0.0112119722057177
feature_1612, 0.019215944807212875
feature_1613, 0.04529370005514063
feature_1614, 0.06018181578390625
feature_1615, 0.004090286259440491
feature_1616, 0.0011605340286802643
feature_1617, 0.008454258127572205
feature_1618, 0.0026477809168325736
feature_1619, 0.008341321457762427
feature_1620, 0.0013375485091067809
feature_1621, 0.004528411453808919
feature_1622, 0.004628294289222229
feature_1623, 0.0017478564217087423
feature_1624, 0.0062461903500618515
feature_1625, 0.0059547351250226425
feature_1626, 0.0006726340214047612
feature_1627, 0.04083096644021168
feature_1628, 0.0037576018829028127
feature_1629, 0.00036420539633596696
feature_1630, 0.024185195399689774
feature_1631, 0.0916709968788179
feature_1632, 0.011893424360566089
feature_1633, 0.0008181862160013835
feature_1634, 0.03303374514749265
feature_1635, 0.022544375797683255
feature_1636, 0.0003428804542449659
feature_1637, 0.010573892846696723
feature_1638, 0.019957237236447947
feature_1639, 0.02611264301264902
feature_1640, 0.002268574749307111
feature_1641, 0.01621409654555309
feature_1642, 0.004367673904937206
feature_1643, 0.0009578539403616162
feature_1644, 0.01816452534805052
feature_1645, 0.025872404074860727
feature_1646, 0.0037524170631465553
feature_1647, 0.0005015629691514329
feature_1648, 0.05594243983574645
feature_1649, 0.01219335169269128
feature_1650, 0.021785959299334447
feature_1651, 0.004786802513706644
feature_1652, 0.00010380467098866496
feature_1653, 0.0022056802351672253
feature_1654, 0.004406549821698828
feature_1655, 0.001960042016499648
feature_1656, 0.006297092354155474
feature_1657, 0.0007772068132018883
feature_1658, 0
feature_1659, 0.04762907767603683
feature_1660, 0.0060403946688680115
feature_1661, 0.025266403480851903
feature_1662, 0.008313841361683045
feature_1663, 0.008023722694214069
feature_1664, 0.025427789950934577
feature_1665, 0.0003082326253952808
feature_1666, 0.027952720563877313
feature_1667, 0.013729794834986358
feature_1668, 0.002582831855631753
feature_1669, 0.02356301070189508
feature_1670, 0.00019141518325241076
feature_1671, 0.014709270776315137
feature_1672, 0
feature_1673, 0.03283369310960098
feature_1674, 0.007870474077982255
feature_1675, 0.02734795602378111
feature_1676, 0.008665388441457351
feature_1677, 0.006585280726043022
feature_1678, 0.002276939884425422
feature_1679, 0.003759836275954332
feature_1680, 0
feature_1681, 0.00030832780356181394
feature_1682, 0.009926057945854494
feature_1683, 0.01425003853558603
feature_1684, 0.0016428171868171095
feature_1685, 0.013192686740215166
feature_1686, 0.02612914658803502
feature_1687, 0.00011979101877541584
feature_1688, 0.007176535364305245
feature_1689, 0.017552320263819608
feature_1690, 0.04067442736165314
feature_1691, 0
feature_1692, 0.007162450744314345
feature_1693, 0.0029331516490436393
feature_1694, 0.0016512002023566863
feature_1695, 0.0896552884134456
feature_1696, 0.015359400311592209
feature_1697, 0.04494909852952539
feature_1698, 0.003551666066760962
feature_1699, 0.0008218559505061391
feature_1700, 0.0006399880142091409
feature_1701, 0.008446600740367962
feature_1702, 0.01254789312284786
feature_1703, 0.001288167654407969
feature_1704, 0.010499694928528576
feature_1705, 0.014275979225713374
feature_1706, 0.0047671810597753285
feature_1707, 0.02129329150545617
feature_1708, 0.041036863793204335
feature_1709, 0.014800560695364631
feature_1710, 0
feature_1711, 0.008494606009596024
feature_1712, 0.0059740519476310025
feature_1713, 0.03432887490003204
feature_1714, 0
feature_1715, 0.006662806303823955
feature_1716, 0.004300559026237742
feature_1717, 0.004736411095972077
feature_1718, 0.022264765018045064
feature_1719, 0.009243956829377628
feature_1720, 0.008595750422367278
feature_1721, 0.03540263342008423
feature_1722, 0.00923847598451976
feature_1723, 0.00639252693058054
feature_1724, 0.0022458251232638153
feature_1725, 0.006447142733896071
feature_1726, 0.008588658412697386
feature_1727, 0.008257707229528271
feature_1728, 0.032834195049073846
feature_1729, 0.00042149320838563275
feature_1730, 0.00928700834806844
feature_1731, 0.0012318445382604386
feature_1732, 0.007691445425583429
feature_1733, 0.04025688521289939
feature_1734, 0.006234555106285275
feature_1735, 0.005776548783107895
feature_1736, 0.0025247377559324932
feature_1737, 0.01493375186066716
feature_1738, 0.0018211238369977099
feature_1739, 0.0065837750055380145
feature_1740, 0.034783444437323924
feature_1741, 0.008120297194289805
feature_1742, 0.002461080667510105
feature_1743, 0.008761332487526134
feature_1744, 0.002651594672724523
feature_1745, 0.02801601657366539
feature_1746, 0.0015257568821207153
feature_1747, 0.0013739251874073223
feature_1748, 0
feature_1749, 0.016552456874916348
feature_1750, 0.014319175852457245
feature_1751, 0.004226697384898164
feature_1752, 0.005967786683491663
feature_1753, 0.0005878803741712177
feature_1754, 0.00028013815016078835
feature_1755, 0.007006466170268602
feature_1756, 0.05093184963165955
feature_1757, 0.009261202341330193
feature_1758, 0.010786199866751868
feature_1759, 0.0051413219761033
feature_1760, 0.0051926080100859785
feature_1761, 0.018411873693134614
feature_1762, 0.0018298504645817533
feature_1763, 0.01409188091990808
feature_1764, 0.0038027086492364377
feature_1765, 0.018868355086399037
feature_1766, 0.014592413197207074
feature_1767, 0.0010378142508195552
feature_1768, 0
feature_1769, 0.005710844172440745
feature_1770, 0.008185403310706676
feature_1771, 0.0012249669476124176
feature_1772, 0.02133989254949748
feature_1773, 0.011189944591628871
feature_1774, 0.005578206389546009
feature_1775, 0.0033271635252598796
feature_1776, 0.001893655942495169
feature_1777, 0.00838720529891057
feature_1778, 0.001228869232952909
feature_1779, 0.018853855808243555
feature_1780, 0.02628868742522914
feature_1781, 0
feature_1782, 0
feature_1783, 0
feature_1784, 0.017546461645320224
feature_1785, 0.026600674041281365
feature_1786, 0.00786872783941553
feature_1787, 0.024971091474467747
feature_1788, 0.009629920212758677
feature_1789, 0.015606120365078533
feature_1790, 0.0008670145969827277
feature_1791, 0.01893797973392878
feature_1792, 0.05569086768517431
feature_1793, 0.003166698092097009
feature_1794, 0.004074810198505461
feature_1795, 0.01395182772508677
feature_1796, 0.0032031076158704004
feature_1797, 0.0011297949941865126
feature_1798, 0.018548208126682623
feature_1799, 0.05051067895139542
feature_1800, 0.00015766801491031598
feature_1801, 0.0004051965277724481
feature_1802, 0.013726702564634537
feature_1803, 0.0016328672729154967
feature_1804, 0.0015049878963651728
feature_1805, 0.005340716062873378
feature_1806, 0.020142582112182523
feature_1807, 0.0009044571065991349
feature_1808, 0.018738981820215512
feature_1809, 0.021971898883046754
feature_1810, 0.0055569460744837075
feature_1811, 0.08001142992825457
feature_1812, 0.021383852136245326
feature_1813, 0
feature_1814, 0.004644232078616772
feature_1815, 0.0463649365959163
feature_1816, 0
feature_1817, 0.003662075963744891
feature_1818, 0.014216984735754773
feature_1819, 0.00399430846913114
feature_1820, 0.04930389823795439
feature_1821, 0.0030329870213351806
feature_1822, 0.005729132543366855
feature_1823, 0.044394245090332476
feature_1824, 0.0016453864802369513
feature_1825, 0.007248434374939207
feature_1826, 0.0023214891496244746
feature_1827, 0.0021589240012690023
feature_1828, 0.02548617338532098
feature_1829, 0.005436684777641768
feature_1830, 0.010555380811911878
feature_1831, 0.003977089768661931
feature_1832, 0.00872507090445779
feature_1833, 0.004095374222507463
feature_1834, 0.00040975895556606077
feature_1835, 0.0581400292839119
feature_1836, 0.016650914864884195
feature_1837, 0.007193750502238055
feature_1838, 0.03951807148612979
feature_1839, 0.004525882793110402
feature_1840, 0.0035940324085519853
feature_1841, 0.0028476979835129015
feature_1842, 0.08769691826931417
feature_1843, 0.01493674501148701
feature_1844, 0.008490270771658317
feature_1845, 0.001652846226091988
feature_1846, 0.014044549258992317
feature_1847, 0.0038074870798780495
feature_1848, 0.0035134289250163854
feature_1849, 0.06595329756575719
feature_1850, 0.007978470007085584
feature_1851, 0.0097652689492814
feature_1852, 0.005569938082341719
feature_1853, 0.024068784054236
feature_1854, 0.0012295542713998487
feature_1855, 0.006120637616764309
feature_1856, 0.012280074372595927
feature_1857, 0.00878659455981223
feature_1858, 0.0021154253881267896
feature_1859, 0.036997723450210504
feature_1860, 0.0013113457277427656
feature_1861, 0.003025397710298711
feature_1862, 0.05130756141053351
feature_1863, 0.0023410074128469545
feature_1864, 0.015073451796969083
feature_1865, 0.00040523328761941983
feature_1866, 0.024332804584096524
feature_1867, 0.0026259805667319816
feature_1868, 0.0026137897635660112
feature_1869, 0.0067794505355942185
feature_1870, 0.013437277995945709
feature_1871, 0.004146313388723518
feature_1872, 0.01778954679367057
feature_1873, 0.013078975843658457
feature_1874, 0.04543385768024844
feature_1875, 0.0023203633666173725
feature_1876, 0.025583277019429668
feature_1877, 0.02524470977809902
feature_1878, 0.011839469219791699
feature_1879, 0.0016857163452607912
feature_1880, 0.0002512475170069466
feature_1881, 0.000293229969953833
feature_1882, 0.0037302124617325464
feature_1883, 0.03363812466216646
feature_1884, 0.008012853314065305
feature_1885, 0.0016863319318381968
feature_1886, 0.0015505040312000936
feature_1887, 0.006852572455113184
feature_1888, 0.02096354985594805
feature_1889, 0.008248947934294678
feature_1890, 0.003959827192070015
feature_1891, 0.01132332318253946
feature_1892, 0.0018201721884350023
feature_1893, 0
feature_1894, 0.004277803712218017
feature_1895, 0.013573875037470321
feature_1896, 0.024314239710045243
feature_1897, 0.007312154098693047
feature_1898, 0.004727193698116484
feature_1899, 0.02832023957595597
feature_1900, 0.01144668802580273
feature_1901, 0.0354084640762589
feature_1902, 0.005224306128226291
feature_1903, 0.009750773993657879
feature_1904, 0
feature_1905, 0
feature_1906, 0.0035489222265712955
feature_1907, 0.014155072773940177
feature_1908, 0.000443909041090911
feature_1909, 0.0058642943245311085
feature_1910, 0.003901046653273458
feature_1911, 0.001510472285198619
feature_1912, 0.0019386861850864822
feature_1913, 0.003960208324388926
feature_1914, 0.017893767226205986
feature_1915, 0.01393263584608679
feature_1916, 0.0004974922255583987
feature_1917, 0.01390195822961304
feature_1918, 0.007952698061223139
feature_1919, 0.020900457380208043
feature_1920, 0.01962448091744928
feature_1921, 0.005547099629993412
feature_1922, 0.016342292206625
feature_1923, 0.038021123377131205
feature_1924, 0.013157074976319827
feature_1925, 0
feature_1926, 0.00939616031524072
feature_1927, 0.053549354640367766
feature_1928, 0.020830452495934355
feature_1929, 0.0003909066532320812
feature_1930, 0.029148033077483194
feature_1931, 0
feature_1932, 0.0005147412740153554
feature_1933, 0.019566554641744238
feature_1934, 0
feature_1935, 0.019819503478286232
feature_1936, 0.02595664083029262
feature_1937, 0.0016986766302294972
feature_1938, 0.00041258639499708403
feature_1939, 0.006794608158736355
feature_1940, 0.008298339585641672
feature_1941, 0.013779162518161303
feature_1942, 0.006695779469650273
feature_1943, 0.0020539058092140213
feature_1944, 0.003848500559413403
feature_1945, 0.015218863435721293
feature_1946, 0
feature_1947, 0.02429582573874348
feature_1948, 0.01173196380442513
feature_1949, 0.03908436871218757
feature_1950, 0.004963850561182506
feature_1951, 0.008891989427504977
feature_1952, 0.0013008935730352642
feature_1953, 0.01025137588722737
feature_1954, 0.02640558638231478
feature_1955, 0.006208385691664247
feature_1956, 0.0002550300490837746
feature_1957, 0.024249613313679565
feature_1958, 0.005369028374599211
feature_1959, 0.005837268184986575
feature_1960, 0.0019423674648447857
feature_1961, 0.013791433215935315
feature_1962, 0.0012499677883825245
feature_1963, 0
feature_1964, 0.00840321568515389
feature_1965, 0.0016664963316342435
feature_1966, 0
feature_1967, 0.005172321902487131
feature_1968, 0.004279400127847515
feature_1969, 0.011224910182482449
feature_1970, 0.056921924099186234
feature_1971, 0.016801048257982638
feature_1972, 0.0007677307363816087
feature_1973, 0.03532555771339823
feature_1974, 0.003528748054396169
feature_1975, 0
feature_1976, 0.0036103155256723774
feature_1977, 0.03338772533288524
feature_1978, 0.001233621860226759
feature_1979, 0.007863437284504176
feature_1980, 0.00013648923786974132
feature_1981, 0.0017836965001725013
feature_1982, 0.008111331395491242
feature_1983, 0.006600724082618625
feature_1984, 0.08293193096533853
feature_1985, 0.0058308333717239525
feature_1986, 0.004816450917735081
feature_1987, 0.00662245848064516
feature_1988, 0.004087785037209794
feature_1989, 0.0013302859928488924
feature_1990, 0.00432118212524243
feature_1991, 0.0013457965253336202
feature_1992, 0.002072264936924845
feature_1993, 0.012760771688813677
feature_1994, 0.014687461097317271
feature_1995, 0.02780349338570071
feature_1996, 0.00028381790345321367
feature_1997, 0.021351009259456627
feature_1998, 0.01724784288053425
feature_1999, 0.006066806782709356
feature_2000, 0.003273797345392559
feature_2001, 0.0027593204806435306
feature_2002, 0.015310893192848677
feature_2003, 0.025218808188984504
feature_2004, 0.0163737847648273
feature_2005, 0.031684768389821115
feature_2006, 0.001740502588609091
feature_2007, 0.0019689094572678217
feature_2008, 0.0249349929132238
feature_2009, 0.005005244265553006
feature_2010, 0.0038469431850520347
feature_2011, 0.0020573231076740626
feature_2012, 0.035125214518332254
feature_2013, 0.022960382828206463
feature_2014, 0.00020737594708934042
feature_2015, 0.005952064007849056
feature_2016, 0.014984573155707753
feature_2017, 0.03603238653086604
feature_2018, 0.005454512873375648
feature_2019, 0.013960911016918402
feature_2020, 0.006265833484155434
feature_2021, 0.009300847478096314
feature_2022, 0.0012396986361092592
feature_2023, 0.0006170259829292077
feature_2024, 0.004470084856039048
feature_2025, 0.01259659978466685
feature_2026, 0.05593189319462091
feature_2027, 0.005441170910499628
feature_2028, 0.024894062679272952
feature_2029, 0.067251226108531
feature_2030, 0.01191505516156909
feature_2031, 0.002588931091776872
feature_2032, 0.0044098236933168364
feature_2033, 0.0013625682563195632
feature_2034, 0.002932901677392013
feature_2035, 0.0028906838345189347
feature_2036, 0
feature_2037, 0.03975157192441735
feature_2038, 0.00886464567121696
feature_2039, 0.010392396885714
feature_2040, 0.0010403298950104264
feature_2041, 0.0021231212178480226
feature_2042, 0.015667180236206526
feature_2043, 0.02103153737699298
feature_2044, 0.0020754004485268422
feature_2045, 0.01320056988005404
feature_2046, 0.005360709372791424
feature_2047, 0.009595518629835166
feature_2048, 0.003360826654937056
feature_2049, 0.004979266311448856
feature_2050, 0.006576694286708286
feature_2051, 0.007954355994079246
feature_2052, 0.007886696434495194
feature_2053, 0.007946345386656332
feature_2054, 0.012805631854997519
feature_2055, 0.006243007882135201
feature_2056, 0.025216090545269403
feature_2057, 0.0023299252502976906
feature_2058, 0.0053799191909808565
feature_2059, 0.005264273754801558
feature_2060, 0.012674318629562682
feature_2061, 0.021260406976205674
feature_2062, 0.0030098300633511128
feature_2063, 0.011542652551730443
feature_2064, 0.013403824708593852
feature_2065, 0.00442240660495526
feature_2066, 0.010760985795001326
feature_2067, 0.004889564871888979
feature_2068, 0.0026626291712270526
feature_2069, 0.006723181409586136
feature_2070, 0.005840661108624176
feature_2071, 0.004367377860639399
feature_2072, 0.00020128814737030342
feature_2073, 0.0031623734048091367
feature_2074, 0.0005318124900151484
feature_2075, 0.02447372602025868
feature_2076, 0.008733040528830074
feature_2077, 0.0010780826540859679
feature_2078, 0.0021891579160460218
feature_2079, 0.00816339218083551
feature_2080, 0.028602883757880105
feature_2081, 0.009920667213541203
feature_2082, 0.012385808214740363
feature_2083, 0.014473155188313422
feature_2084, 0.014033605561665777
feature_2085, 0.014560411373392817
feature_2086, 0.004460619483399816
feature_2087, 0.02443178596487317
feature_2088, 0.002374171533852285
feature_2089, 0.0007115289358432107
feature_2090, 0.012075209289257387
feature_2091, 0.003329187466092195
feature_2092, 0.02172947118939601
feature_2093, 0.005298348353486919
feature_2094, 0.030821183989788663
feature_2095, 0.009386973798978657
feature_2096, 0.010790483612022141
feature_2097, 0.0041569673828254034
feature_2098, 0.009322216018683346
feature_2099, 0
feature_2100, 0.018022313587298524
feature_2101, 0.10479589518170399
feature_2102, 0.03371731471842436
feature_2103, 0.01159725978353216
feature_2104, 0
feature_2105, 0.001380812909564418
feature_2106, 0.015555121308638035
feature_2107, 0.0010063435886738341
feature_2108, 0.007431443351800937
feature_2109, 0.03705946917914919
feature_2110, 0.030311994045255853
feature_2111, 0.0042575588137858346
feature_2112, 0.002265766616409497
feature_2113, 0.0002452216278103336
feature_2114, 0.004764960944960212
feature_2115, 0.012259275739512264
feature_2116, 0.012297304617419035
feature_2117, 0.012773542523226983
feature_2118, 0.0019378066910523237
feature_2119, 0.005430691542200595
feature_2120, 0.02577972007828085
feature_2121, 0.0013701776288563665
feature_2122, 7.883833189450131e-05
feature_2123, 0.012399420712026762
feature_2124, 0
feature_2125, 0.01867659942484528
feature_2126, 0.0018014385338000448
feature_2127, 0.017293930044225952
feature_2128, 0.0018710004020925334
feature_2129, 0.0004153485346764943
feature_2130, 0.003742447025187045
feature_2131, 0.00734673267772482
feature_2132, 0.012112272465253026
feature_2133, 0.011645353670495934
feature_2134, 0.005494055694695631
feature_2135, 0.004365447630324384
feature_2136, 0.003595117319588634
feature_2137, 0.006002637692020739
feature_2138, 0.009415031805932454
feature_2139, 0
feature_2140, 0.07679573332163486
feature_2141, 0.08033980992075875
feature_2142, 0.051449314589884255
feature_2143, 0.020742678464198954
feature_2144, 0.01373396528597943
feature_2145, 0.05132111987812619
feature_2146, 0.014295749510263151
feature_2147, 0.014828695256849591
feature_2148, 0
feature_2149, 0.01947376599027276
feature_2150, 0.00579237660834664
feature_2151, 0.010822546378215597
feature_2152, 0.00015503967676571242
feature_2153, 0.0034401128294598636
feature_2154, 0.005065354891883654
feature_2155, 0
feature_2156, 0.0076484813472104275
feature_2157, 0.0203269211050093
feature_2158, 0.006971150169307857
feature_2159, 0.028751615413045804
feature_2160, 0.009220339356267261
feature_2161, 0.029587479378184484
feature_2162, 0.010190977811395913
feature_2163, 0.0009981017415886817
feature_2164, 0.0030656490918583835
feature_2165, 0.0030293515552770427
feature_2166, 0.003217715787564856
feature_2167, 0.0062986863882408825
feature_2168, 0.002577024444615386
feature_2169, 0.015379093932942591
feature_2170, 0.02801100213910248
feature_2171, 0.005129128692101166
feature_2172, 0.008691987388478853
feature_2173, 0.0035672572330467363
feature_2174, 0.02017873868632771
feature_2175, 0.05039066183831681
feature_2176, 0.00105400215750401
feature_2177, 0.0038476819724039485
feature_2178, 0.00732069751532692
feature_2179, 0.0017370265695478826
feature_2180, 0.007479844055752772
feature_2181, 0.016713614796704808
feature_2182, 0.010410058101298017
feature_2183, 0.008704521973371801
feature_2184, 0.03148553667459097
feature_2185, 0.0001266980763590132
feature_2186, 0.006253833723993478
feature_2187, 0.004106038367246812
feature_2188, 0.007798068380765631
feature_2189, 0.00955758367909712
feature_2190, 0.007210853152328666
feature_2191, 0.025167819305881967
feature_2192, 0.042802055661278274
feature_2193, 0.0013336002858440918
feature_2194, 0.0055950048592518925
feature_2195, 0.005961096207517404
feature_2196, 0.003261154234299711
feature_2197, 0.004564008780002538
feature_2198, 0.0026760223935660323
feature_2199, 0.0015696708327486754
feature_2200, 0.014202456384591089
feature_2201, 0.07037695582102829
feature_2202, 0.0003106828257760314
feature_2203, 0.0006834856737223179
feature_2204, 0.014334338515387055
feature_2205, 0.006697281694464792
feature_2206, 0
feature_2207, 0
feature_2208, 0.0007291664040180417
feature_2209, 0.001371565893818987
feature_2210, 0.018504756781408296
feature_2211, 0.0021153773290374
feature_2212, 0.014899539457542063
feature_2213, 0.005061151048609097
feature_2214, 0.03593526348612941
feature_2215, 0.031238169206728922
feature_2216, 0.02126440772699808
feature_2217, 0.020043563021522198
feature_2218, 0.0025409053722362704
feature_2219, 0.022241604170838012
feature_2220, 0.00016006423151348012
feature_2221, 0.006430238506629728
feature_2222, 0.010346106487268074
feature_2223, 0
feature_2224, 0.005145881105539111
feature_2225, 0.001463805616272325
feature_2226, 0.005351745666793287
feature_2227, 0.009917036496704341
feature_2228, 0
feature_2229, 0
feature_2230, 0.005076838398296667
feature_2231, 0.0026711879928569124
feature_2232, 0.0009569627127899508
feature_2233, 0.004907705141189078
feature_2234, 0.0011424587949149542
feature_2235, 0.0025165904723793084
feature_2236, 0.0036740653227923005
feature_2237, 0.0014214514886339838
feature_2238, 0.0008150257696974863
feature_2239, 0
feature_2240, 0.00197168703548099
feature_2241, 0.0012940384475085924
feature_2242, 0.005244384268658146
feature_2243, 0.0006384525387269201
feature_2244, 0.000496777134272474
feature_2245, 0.00447555525565342
feature_2246, 0
feature_2247, 0.0025676247339681455
feature_2248, 0.002275155932441873
feature_2249, 0
feature_2250, 0.0016740110854771278
feature_2251, 0.0005015199723075485
feature_2252, 0
feature_2253, 0.003571584800148311
feature_2254, 0.0014366266397287256
feature_2255, 0.0024925104338596954
feature_2256, 0.01106242946595435
feature_2257, 0
feature_2258, 0
feature_2259, 0.0021244014719519794
feature_2260, 0.001989453984533076
feature_2261, 0.0006584355041951835
feature_2262, 0.003376327935954664
feature_2263, 0.0007911065710860756
feature_2264, 0.0003598934137766758
feature_2265, 0.0009344330078303165
feature_2266, 0
feature_2267, 0
feature_2268, 0
feature_2269, 0.000959154103778904
feature_2270, 0.0031837484760531597
feature_2271, 0.005680818464570811
feature_2272, 0.002188190538231206
feature_2273, 0
feature_2274, 0.00289384395720617
feature_2275, 0
feature_2276, 0.0010553534022965504
feature_2277, 0.002035007182988167
feature_2278, 0.0024345067142124846
feature_2279, 0.005777087747216432
feature_2280, 0.005751987346166186
feature_2281, 0.0017579228640728875
feature_2282, 0.0026396271607112406
feature_2283, 0.004891268436212418
feature_2284, 0.004028743613421157
feature_2285, 0.0001330920359466598
feature_2286, 0.0020137016986543407
feature_2287, 0.0017679343953826384
feature_2288, 0.005111647983427469
feature_2289, 0.006423997264739019
feature_2290, 0.0027979684141804886
feature_2291, 0.0027698762874209153
feature_2292, 0.007335861411482193
feature_2293, 0.00753145364131615
feature_2294, 0.0003943225464336521
feature_2295, 0.003838162991496842
feature_2296, 0.008704665639500416
feature_2297, 0
feature_2298, 0.006231971837223824
feature_2299, 0.004006667090614715
feature_2300, 0.012486095471168464
feature_2301, 0
feature_2302, 0.0007840393291861248
feature_2303, 0
feature_2304, 0.0009080631600842567
feature_2305, 0
feature_2306, 0
feature_2307, 0.003373091106120723
feature_2308, 0.0033437607732963036
feature_2309, 0.0025102773584897483
feature_2310, 0.0004742676989608555
feature_2311, 0.0014597076478345462
feature_2312, 0.005307426130424057
feature_2313, 7.901847708894778e-05
feature_2314, 0.0021810796100186487
feature_2315, 0.0009310974411110819
feature_2316, 0.001765557551566586
feature_2317, 0.001604752525413404
feature_2318, 0.005290328798962883
feature_2319, 0.006897954398342163
feature_2320, 0.005297483247416894
feature_2321, 0.003902097006696395
feature_2322, 0
feature_2323, 0.0048818093641165685
feature_2324, 0.0025654336468608936
feature_2325, 0
feature_2326, 0.00253507138981171
feature_2327, 0
feature_2328, 0.005467018722138984
feature_2329, 0.0016034579777997732
feature_2330, 0.0004596168428285992
feature_2331, 0
feature_2332, 0
feature_2333, 0
feature_2334, 0
feature_2335, 0.00020986937662528457
feature_2336, 0.00034685743065719936
feature_2337, 0.0037358146201866833
feature_2338, 0.0008303785182935514
feature_2339, 0.0012350436553779788
feature_2340, 0.0034820754428959897
feature_2341, 0
feature_2342, 0.0007966183886856525
feature_2343, 0
feature_2344, 0.003815339798662562
feature_2345, 0.0014648420515691477
feature_2346, 0.00016090569127961987
feature_2347, 0
feature_2348, 0.002963590305043188
feature_2349, 0
feature_2350, 0.0023175143931648606
feature_2351, 0.015934698094852758
feature_2352, 0.01520710744148787
feature_2353, 0.06832196218946526
feature_2354, 0.04936055803681887
feature_2355, 0.05573651681772576
feature_2356, 0.05957964179539129
feature_2357, 0.07457093208753277
feature_2358, 0.06185028796784141
feature_2359, 0.13702651796389026
feature_2360, 0.12465207227086122
feature_2361, 0.05264038166809062
feature_2362, 0.022147510975161076
feature_2363, 0.06408085792371476
feature_2364, 0.11640848389527872
feature_2365, 0.0013270225700375148
feature_2366, 0.0016544134023603317
feature_2367, 0
feature_2368, 0
feature_2369, 0.009759980694740837
feature_2370, 0.05280877591151968
feature_2371, 0.021909190906410733
feature_2372, 0.013341934335194258
feature_2373, 0.008612681756787999
feature_2374, 0.013256898559198958
feature_2375, 0.08834286933778136
feature_2376, 0.021367593632339137
feature_2377, 0.024365007331792816
feature_2378, 0.02253899591793451
feature_2379, 0.01912225158987399
feature_2380, 0.03072330913856979
